data, Please find the customer service phone number of the company "Del Monte Foods Co",
data, Please find the customer service phone number of the company "Dell Computer Corporation",
data, Please find the customer service phone number of the company "Delphi Corp.",
data, Please find the customer service phone number of the company "Delta Air Lines Inc.",
data, Please find the customer service phone number of the company "Deluxe Corporation",
data, Please find the customer service phone number of the company "Devon Energy Corporation",
data, Please find the customer service phone number of the company "Di Giorgio Corporation",
data, Please find the customer service phone number of the company "Dial Corporation",
data, Please find the customer service phone number of the company "Diebold Incorporated",
data, Please find the customer service phone number of the company "Dillard's Inc.",
data, Please find the customer service phone number of the company "DIMON Incorporated",
data, Please find the customer service phone number of the company "Dole Food Company, Inc.",
data, Please find the customer service phone number of the company "Dollar General Corporation",
data, Please find the customer service phone number of the company "Dollar Tree Stores, Inc.",
data, Please find the customer service phone number of the company "Dominion Resources, Inc.",
data, Please find the customer service phone number of the company "Domino's Pizza LLC",
data, Please find the customer service phone number of the company "Dover Corporation, Inc.",
data, Please find the customer service phone number of the company "Dow Chemical Company",
data, Please find the customer service phone number of the company "Dow Jones & Company, Inc.",
data, Please find the customer service phone number of the company "DPL Inc.",
data, Please find the customer service phone number of the company "DQE Inc.",
data, Please find the customer service phone number of the company "Dreyer's Grand Ice Cream, Inc.",
data, Please find the customer service phone number of the company "DST Systems, Inc.",
data, Please find the customer service phone number of the company "DTE Energy Co.",
data, Please find the customer service phone number of the company "E.I. Du Pont de Nemours and Company",
data, Please find the customer service phone number of the company "Duke Energy Corp",
data, Please find the customer service phone number of the company "Dun & Bradstreet Inc.",
data, Please find the customer service phone number of the company "DURA Automotive Systems Inc.",
data, Please find the customer service phone number of the company "DynCorp",
data, Please find the customer service phone number of the company "Dynegy Inc.",
data, Please find the customer service phone number of the company "E.W. Scripps Company",
data, Please find the customer service phone number of the company "Earthlink, Inc.",
data, Please find the customer service phone number of the company "Eastman Chemical Company",
data, Please find the customer service phone number of the company "Eastman Kodak Company",
data, Please find the customer service phone number of the company "Eaton Corporation",
data, Please find the customer service phone number of the company "Echostar Communications Corporation",
data, Please find the customer service phone number of the company "Ecolab Inc.",
data, Please find the customer service phone number of the company "Edison International",
data, Please find the customer service phone number of the company "EGL Inc.",
data, Please find the customer service phone number of the company "El Paso Corporation",
data, Please find the customer service phone number of the company "Electronic Arts Inc.",
data, Please find the customer service phone number of the company "Electronic Data Systems Corp.",
data, Please find the customer service phone number of the company "EMC Corporation",
data, Please find the customer service phone number of the company "Emcor Group Inc.",
data, Please find the customer service phone number of the company "Emerson Electric Co.",
data, Please find the customer service phone number of the company "Encompass Services Corporation",
data, Please find the customer service phone number of the company "Energizer Holdings Inc.",
data, Please find the customer service phone number of the company "Energy East Corporation",
data, Please find the customer service phone number of the company "Engelhard Corporation",
data, Please find the customer service phone number of the company "Enterprise Products Partners L.P.",
data, Please find the customer service phone number of the company "EOG Resources, Inc.",
data, Please find the customer service phone number of the company "Equifax Inc.",
data, Please find the customer service phone number of the company "Equitable Resources Inc.",
data, Please find the customer service phone number of the company "Equity Office Properties Trust",
data, Please find the customer service phone number of the company "Equity Residential Properties Trust",
data, Please find the customer service phone number of the company "Estee Lauder Companies Inc.",
data, Please find the customer service phone number of the company "Exelon Corporation",
data, Please find the customer service phone number of the company "Exide Technologies",
data, Please find the customer service phone number of the company "Expeditors International of Washington Inc.",
data, Please find the customer service phone number of the company "Express Scripts Inc.",
data, Please find the customer service phone number of the company "ExxonMobil Corporation",
data, Please find the customer service phone number of the company "Fairchild Semiconductor International Inc.",
data, Please find the customer service phone number of the company "Family Dollar Stores Inc.",
data, Please find the customer service phone number of the company "Farmland Industries Inc.",
data, Please find the customer service phone number of the company "Federal Mogul Corp.",
data, Please find the customer service phone number of the company "Federated Department Stores Inc.",
data, Please find the customer service phone number of the company "Federal Express Corp.",
data, Please find the customer service phone number of the company "Felcor Lodging Trust Inc.",
data, Please find the customer service phone number of the company "Ferro Corp.",
data, Please find the customer service phone number of the company "Fidelity National Financial Inc.",
data, Please find the customer service phone number of the company "Fifth Third Bancorp",
data, Please find the customer service phone number of the company "First American Financial Corp.",
data, Please find the customer service phone number of the company "First Data Corp.",
data, Please find the customer service phone number of the company "First National of Nebraska Inc.",
data, Please find the customer service phone number of the company "First Tennessee National Corp.",
data, Please find the customer service phone number of the company "FirstEnergy Corp.",
data, Please find the customer service phone number of the company "Fiserv Inc.",
data, Please find the customer service phone number of the company "Fisher Scientific International Inc.",
data, Please find the customer service phone number of the company "FleetBoston Financial Co.",
data, Please find the customer service phone number of the company "Fleetwood Enterprises Inc.",
data, Please find the customer service phone number of the company "Fleming Companies Inc.",
data, Please find the customer service phone number of the company "Flowers Foods Inc.",
data, Please find the customer service phone number of the company "Flowserv Corp",
data, Please find the customer service phone number of the company "Fluor Corp",
data, Please find the customer service phone number of the company "FMC Corp",
data, Please find the customer service phone number of the company "Foamex International Inc",
data, Please find the customer service phone number of the company "Foot Locker Inc",
data, Please find the customer service phone number of the company "Footstar Inc.",
data, Please find the customer service phone number of the company "Ford Motor Co",
data, Please find the customer service phone number of the company "Forest Laboratories Inc.",
data, Please find the customer service phone number of the company "Fortune Brands Inc.",
data, Please find the customer service phone number of the company "Foster Wheeler Ltd.",
data, Please find the customer service phone number of the company "FPL Group Inc.",
data, Please find the customer service phone number of the company "Franklin Resources Inc.",
data, Please find the customer service phone number of the company "Freeport McMoran Copper & Gold Inc.",
data, Please find the customer service phone number of the company "Frontier Oil Corp",
data, Please find the customer service phone number of the company "Furniture Brands International Inc.",
data, Please find the customer service phone number of the company "Gannett Co., Inc.",
data, Please find the customer service phone number of the company "Gap Inc.",
data, Please find the customer service phone number of the company "Gateway Inc.",
data, Please find the customer service phone number of the company "GATX Corporation",
data, Please find the customer service phone number of the company "Gemstar-TV Guide International Inc.",
data, Please find the customer service phone number of the company "General Cable Corporation",
data, Please find the customer service phone number of the company "General Dynamics Corporation",
data, Please find the customer service phone number of the company "General Electric Company",
data, Please find the customer service phone number of the company "General Mills Inc",
data, Please find the customer service phone number of the company "General Motors Corporation",
data, Please find the customer service phone number of the company "Gentek Inc.",
data, Please find the customer service phone number of the company "Gentiva Health Services Inc.",
data, Please find the customer service phone number of the company "Genuine Parts Company",
data, Please find the customer service phone number of the company "Genuity Inc.",
data, Please find the customer service phone number of the company "Genzyme Corporation",
data, Please find the customer service phone number of the company "Georgia Gulf Corporation",
data, Please find the customer service phone number of the company "Georgia-Pacific Corporation",
data, Please find the customer service phone number of the company "Gillette Company",
data, Please find the customer service phone number of the company "Gold Kist Inc.",
data, Please find the customer service phone number of the company "Golden State Bancorp Inc.",
data, Please find the customer service phone number of the company "Golden West Financial Corporation",
data, Please find the customer service phone number of the company "Goldman Sachs Group Inc.",
data, Please find the customer service phone number of the company "Goodrich Corporation",
data, Please find the customer service phone number of the company "The Goodyear Tire & Rubber Company",
data, Please find the customer service phone number of the company "Granite Construction Incorporated",
data, Please find the customer service phone number of the company "Graybar Electric Company Inc.",
data, Please find the customer service phone number of the company "Great Lakes Chemical Corporation",
data, Please find the customer service phone number of the company "Great Plains Energy Inc.",
data, Please find the customer service phone number of the company "GreenPoint Financial Corp.",
data, Please find the customer service phone number of the company "Greif Bros. Corporation",
data, Please find the customer service phone number of the company "Grey Global Group Inc.",
data, Please find the customer service phone number of the company "Group 1 Automotive Inc.",
data, Please find the customer service phone number of the company "Guidant Corporation",
data, Please find the customer service phone number of the company "H&R Block Inc.",
data, Please find the customer service phone number of the company "H.B. Fuller Company",
data, Please find the customer service phone number of the company "H.J. Heinz Company",
data, Please find the customer service phone number of the company "Halliburton Co.",
data, Please find the customer service phone number of the company "Harley-Davidson Inc.",
data, Please find the customer service phone number of the company "Harman International Industries Inc.",
data, Please find the customer service phone number of the company "Harrah's Entertainment Inc.",
data, Please find the customer service phone number of the company "Harris Corp.",
data, Please find the customer service phone number of the company "Harsco Corp.",
data, Please find the customer service phone number of the company "Hartford Financial Services Group Inc.",
data, Please find the customer service phone number of the company "Hasbro Inc.",
data, Please find the customer service phone number of the company "Hawaiian Electric Industries Inc.",
data, Please find the customer service phone number of the company "HCA Inc.",
data, Please find the customer service phone number of the company "Health Management Associates Inc.",
data, Please find the customer service phone number of the company "Health Net Inc.",
data, Please find the customer service phone number of the company "Healthsouth Corp",
data, Please find the customer service phone number of the company "Henry Schein Inc.",
data, Please find the customer service phone number of the company "Hercules Inc.",
data, Please find the customer service phone number of the company "Herman Miller Inc.",
data, Please find the customer service phone number of the company "Hershey Foods Corp.",
data, Please find the customer service phone number of the company "Hewlett-Packard Company",
data, Please find the customer service phone number of the company "Hibernia Corp.",
data, Please find the customer service phone number of the company "Hillenbrand Industries Inc.",
data, Please find the customer service phone number of the company "Hilton Hotels Corp.",
data, Please find the customer service phone number of the company "Hollywood Entertainment Corp.",
data, Please find the customer service phone number of the company "Home Depot Inc.",
data, Please find the customer service phone number of the company "Hon Industries Inc.",
data, Please find the customer service phone number of the company "Honeywell International Inc.",
data, Please find the customer service phone number of the company "Hormel Foods Corp.",
data, Please find the customer service phone number of the company "Host Marriott Corp.",
data, Please find the customer service phone number of the company "Household International Corp.",
data, Please find the customer service phone number of the company "Hovnanian Enterprises Inc.",
data, Please find the customer service phone number of the company "Hub Group Inc.",
data, Please find the customer service phone number of the company "Hubbell Inc.",
data, Please find the customer service phone number of the company "Hughes Supply Inc.",
data, Please find the customer service phone number of the company "Humana Inc.",
data, Please find the customer service phone number of the company "Huntington Bancshares Inc.",
data, Please find the customer service phone number of the company "Idacorp Inc.",
data, Please find the customer service phone number of the company "IDT Corporation",
data, Please find the customer service phone number of the company "IKON Office Solutions Inc.",
data, Please find the customer service phone number of the company "Illinois Tool Works Inc.",
data, Please find the customer service phone number of the company "Imperial Sugar Company",
data, Please find the customer service phone number of the company "IMS Health Inc.",
data, Please find the customer service phone number of the company "Ingles Market Inc",
data, Please find the customer service phone number of the company "Insight Enterprises Inc.",
data, Please find the customer service phone number of the company "Integrated Electrical Services Inc.",
data, Please find the customer service phone number of the company "Intel Corporation",
data, Please find the customer service phone number of the company "Interpublic Group of Companies Inc.",
data, Please find the customer service phone number of the company "Interstate Bakeries Corporation",
data, Please find the customer service phone number of the company "International Business Machines Corp.",
data, Please find the customer service phone number of the company "International Flavors & Fragrances Inc.",
data, Please find the customer service phone number of the company "International Multifoods Corporation",
data, Please find the customer service phone number of the company "Intuit Inc.",
data, Please find the customer service phone number of the company "IT Group Inc.",
data, Please find the customer service phone number of the company "ITT Industries Inc.",
data, Please find the customer service phone number of the company "Ivax Corp.",
data, Please find the customer service phone number of the company "J.B. Hunt Transport Services Inc.",
data, Please find the customer service phone number of the company "J.C. Penny Co.",
data, Please find the customer service phone number of the company "J.P. Morgan Chase & Co.",
data, Please find the customer service phone number of the company "Jabil Circuit Inc.",
data, Please find the customer service phone number of the company "Jack In The Box Inc.",
data, Please find the customer service phone number of the company "Jacobs Engineering Group Inc.",
data, Please find the customer service phone number of the company "JDS Uniphase Corp.",
data, Please find the customer service phone number of the company "Jefferson-Pilot Co.",
data, Please find the customer service phone number of the company "John Hancock Financial Services Inc.",
data, Please find the customer service phone number of the company "Johnson & Johnson",
data, Please find the customer service phone number of the company "Johnson Controls Inc.",
data, Please find the customer service phone number of the company "Jones Apparel Group Inc.",
data, Please find the customer service phone number of the company "KB Home",
data, Please find the customer service phone number of the company "Kellogg Company",
